{
    "$schema": "https://schema.management.azure.com/schemas/2015-01-01/deploymentTemplate.json#",
    "contentVersion": "1.0.0.0",
    "parameters": {
        "connections_dropbox_name": {
            "defaultValue": "dropbox",
            "type": "String"
        },
        "connections_eventhubs_name": {
            "defaultValue": "eventhubs",
            "type": "String"
        },
        "connections_eventhubs_1_name": {
            "defaultValue": "eventhubs-1",
            "type": "String"
        },
        "sites_WiredBrainCoffeeFunctionApp1_name": {
            "defaultValue": "WiredBrainCoffeeFunctionApp1",
            "type": "String"
        },
        "serverfarms_WiredBrainCoffeeFunctionApp_name": {
            "defaultValue": "WiredBrainCoffeeFunctionApp",
            "type": "String"
        },
        "namespaces_WiredBrainCoffeeEh_Nspace_name": {
            "defaultValue": "WiredBrainCoffeeEh-Nspace",
            "type": "String"
        },
        "workflows_WiredBrainCoffeeAlertLogicApp_name": {
            "defaultValue": "WiredBrainCoffeeAlertLogicApp",
            "type": "String"
        },
        "storageAccounts_a188af25e69384b0a9348168_name": {
            "defaultValue": "a188af25e69384b0a9348168",
            "type": "String"
        },
        "storageAccounts_wiredbraincoffeecapture1_name": {
            "defaultValue": "wiredbraincoffeecapture1",
            "type": "String"
        },
        "storageAccounts_wiredbraincoffeestorage1_name": {
            "defaultValue": "wiredbraincoffeestorage1",
            "type": "String"
        },
        "config_web_name": {
            "defaultValue": "web",
            "type": "String"
        },
        "eventhubs_wiredbraincoffeeeh_name": {
            "defaultValue": "wiredbraincoffeeeh",
            "type": "String"
        },
        "eventhubs_wiredbraincoffeealerteh_name": {
            "defaultValue": "wiredbraincoffeealerteh",
            "type": "String"
        },
        "AuthorizationRules_SendAndListenPolicy_name": {
            "defaultValue": "SendAndListenPolicy",
            "type": "String"
        },
        "AuthorizationRules_RootManageSharedAccessKey_name": {
            "defaultValue": "RootManageSharedAccessKey",
            "type": "String"
        },
        "consumergroups_$Default_name": {
            "defaultValue": "$Default",
            "type": "String"
        },
        "hostNameBindings_wiredbraincoffeefunctionapp1.azurewebsites.net_name": {
            "defaultValue": "wiredbraincoffeefunctionapp1.azurewebsites.net",
            "type": "String"
        },
        "consumergroups_$Default_name_1": {
            "defaultValue": "$Default",
            "type": "String"
        },
        "consumergroups_stream_analytics_job_name": {
            "defaultValue": "stream_analytics_job",
            "type": "String"
        },
        "authorizationRules_SendAndListenPolicy_name_1": {
            "defaultValue": "SendAndListenPolicy",
            "type": "String"
        },
        "authorizationRules_SendAndListenPolicy_name_2": {
            "defaultValue": "SendAndListenPolicy",
            "type": "String"
        },
        "consumergroups_wired_brain_coffee_alert_function_name": {
            "defaultValue": "wired_brain_coffee_alert_function",
            "type": "String"
        },
        "consumergroups_wired_brain_coffee_console_direct_name": {
            "defaultValue": "wired_brain_coffee_console_direct",
            "type": "String"
        },
        "consumergroups_wired_brain_coffee_console_processor_name": {
            "defaultValue": "wired_brain_coffee_console_processor",
            "type": "String"
        },
        "consumergroups_wired_brain_coffee_alert_logicapp_name": {
            "defaultValue": "wired_brain_coffee_alert_logicapp",
            "type": "String"
        }
    },
    "variables": {},
    "resources": [
        {
            "comments": "Generalisiert aus Ressource \"/subscriptions/96e52b0c-a9e4-4874-9d75-6f123079cdba/resourceGroups/WiredBrainCoffee/providers/Microsoft.EventHub/namespaces/WiredBrainCoffeeEh-Nspace\".",
            "type": "Microsoft.EventHub/namespaces",
            "sku": {
                "name": "Standard",
                "tier": "Standard",
                "capacity": 1
            },
            "name": "[parameters('namespaces_WiredBrainCoffeeEh_Nspace_name')]",
            "apiVersion": "2017-04-01",
            "location": "West Europe",
            "tags": {},
            "scale": null,
            "properties": {
                "isAutoInflateEnabled": false,
                "maximumThroughputUnits": 0
            },
            "dependsOn": []
        },
        {
            "comments": "Generalisiert aus Ressource \"/subscriptions/96e52b0c-a9e4-4874-9d75-6f123079cdba/resourceGroups/WiredBrainCoffee/providers/Microsoft.Logic/workflows/WiredBrainCoffeeAlertLogicApp\".",
            "type": "Microsoft.Logic/workflows",
            "name": "[parameters('workflows_WiredBrainCoffeeAlertLogicApp_name')]",
            "apiVersion": "2017-07-01",
            "location": "westeurope",
            "tags": {},
            "scale": null,
            "properties": {
                "state": "Enabled",
                "definition": {
                    "$schema": "https://schema.management.azure.com/providers/Microsoft.Logic/schemas/2016-06-01/workflowdefinition.json#",
                    "contentVersion": "1.0.0.0",
                    "parameters": {
                        "$connections": {
                            "defaultValue": {},
                            "type": "Object"
                        }
                    },
                    "triggers": {
                        "When_events_are_available_in_Event_Hub": {
                            "recurrence": {
                                "frequency": "Second",
                                "interval": 10
                            },
                            "splitOn": "@triggerBody()",
                            "type": "ApiConnection",
                            "inputs": {
                                "host": {
                                    "connection": {
                                        "name": "@parameters('$connections')['eventhubs_1']['connectionId']"
                                    }
                                },
                                "method": "get",
                                "path": "/@{encodeURIComponent('wiredbraincoffeealerteh')}/events/batch/head",
                                "queries": {
                                    "consumerGroupName": "wired_brain_coffee_alert_logicapp",
                                    "contentType": "application/octet-stream",
                                    "maximumEventsCount": 50
                                }
                            }
                        }
                    },
                    "actions": {
                        "Datei_erstellen": {
                            "runAfter": {
                                "JSON_analysieren": [
                                    "Succeeded"
                                ]
                            },
                            "type": "ApiConnection",
                            "inputs": {
                                "body": "@{body('JSON_analysieren')?['SensorType']} has reached the value @{body('JSON_analysieren')?['SensorValue']}\n@{body('JSON_analysieren')?['RecordingTime']}",
                                "host": {
                                    "connection": {
                                        "name": "@parameters('$connections')['dropbox']['connectionId']"
                                    }
                                },
                                "method": "post",
                                "path": "/datasets/default/files",
                                "queries": {
                                    "folderPath": "/wiredbrainsamplefiles",
                                    "name": "@{body('JSON_analysieren')?['City']}_@{body('JSON_analysieren')?['SerialNumber']}_@{body('JSON_analysieren')?['SensorType']}_@{body('JSON_analysieren')?['SensorValue']}.txt",
                                    "queryParametersSingleEncoded": true
                                }
                            }
                        },
                        "JSON_analysieren": {
                            "runAfter": {},
                            "type": "ParseJson",
                            "inputs": {
                                "content": "@json(decodeBase64(triggerBody()?['ContentData']))",
                                "schema": {
                                    "properties": {
                                        "City": {
                                            "type": "string"
                                        },
                                        "RecordingTime": {
                                            "type": "string"
                                        },
                                        "SensorType": {
                                            "type": "string"
                                        },
                                        "SensorValue": {
                                            "type": "number"
                                        },
                                        "SerialNumber": {
                                            "type": "string"
                                        }
                                    },
                                    "type": "object"
                                }
                            }
                        }
                    },
                    "outputs": {}
                },
                "parameters": {
                    "$connections": {
                        "value": {
                            "dropbox": {
                                "connectionId": "[resourceId('Microsoft.Web/connections', parameters('connections_dropbox_name'))]",
                                "connectionName": "dropbox",
                                "id": "/subscriptions/96e52b0c-a9e4-4874-9d75-6f123079cdba/providers/Microsoft.Web/locations/westeurope/managedApis/dropbox"
                            },
                            "eventhubs_1": {
                                "connectionId": "[resourceId('Microsoft.Web/connections', parameters('connections_eventhubs_1_name'))]",
                                "connectionName": "eventhubs-1",
                                "id": "/subscriptions/96e52b0c-a9e4-4874-9d75-6f123079cdba/providers/Microsoft.Web/locations/westeurope/managedApis/eventhubs"
                            }
                        }
                    }
                }
            },
            "dependsOn": [
                "[resourceId('Microsoft.Web/connections', parameters('connections_dropbox_name'))]",
                "[resourceId('Microsoft.Web/connections', parameters('connections_eventhubs_1_name'))]"
            ]
        },
        {
            "comments": "Generalisiert aus Ressource \"/subscriptions/96e52b0c-a9e4-4874-9d75-6f123079cdba/resourceGroups/WiredBrainCoffee/providers/Microsoft.Storage/storageAccounts/a188af25e69384b0a9348168\".",
            "type": "Microsoft.Storage/storageAccounts",
            "sku": {
                "name": "Standard_LRS",
                "tier": "Standard"
            },
            "kind": "Storage",
            "name": "[parameters('storageAccounts_a188af25e69384b0a9348168_name')]",
            "apiVersion": "2017-10-01",
            "location": "westeurope",
            "tags": {},
            "scale": null,
            "properties": {
                "networkAcls": {
                    "bypass": "AzureServices",
                    "virtualNetworkRules": [],
                    "ipRules": [],
                    "defaultAction": "Allow"
                },
                "supportsHttpsTrafficOnly": false,
                "encryption": {
                    "services": {
                        "file": {
                            "enabled": true
                        },
                        "blob": {
                            "enabled": true
                        }
                    },
                    "keySource": "Microsoft.Storage"
                }
            },
            "dependsOn": []
        },
        {
            "comments": "Generalisiert aus Ressource \"/subscriptions/96e52b0c-a9e4-4874-9d75-6f123079cdba/resourceGroups/WiredBrainCoffee/providers/Microsoft.Storage/storageAccounts/wiredbraincoffeecapture1\".",
            "type": "Microsoft.Storage/storageAccounts",
            "sku": {
                "name": "Standard_RAGRS",
                "tier": "Standard"
            },
            "kind": "Storage",
            "name": "[parameters('storageAccounts_wiredbraincoffeecapture1_name')]",
            "apiVersion": "2017-10-01",
            "location": "westeurope",
            "tags": {},
            "scale": null,
            "properties": {
                "networkAcls": {
                    "bypass": "AzureServices",
                    "virtualNetworkRules": [],
                    "ipRules": [],
                    "defaultAction": "Allow"
                },
                "supportsHttpsTrafficOnly": false,
                "encryption": {
                    "services": {
                        "file": {
                            "enabled": true
                        },
                        "blob": {
                            "enabled": true
                        }
                    },
                    "keySource": "Microsoft.Storage"
                }
            },
            "dependsOn": []
        },
        {
            "comments": "Generalisiert aus Ressource \"/subscriptions/96e52b0c-a9e4-4874-9d75-6f123079cdba/resourceGroups/WiredBrainCoffee/providers/Microsoft.Storage/storageAccounts/wiredbraincoffeestorage1\".",
            "type": "Microsoft.Storage/storageAccounts",
            "sku": {
                "name": "Standard_RAGRS",
                "tier": "Standard"
            },
            "kind": "Storage",
            "name": "[parameters('storageAccounts_wiredbraincoffeestorage1_name')]",
            "apiVersion": "2017-10-01",
            "location": "westeurope",
            "tags": {},
            "scale": null,
            "properties": {
                "networkAcls": {
                    "bypass": "AzureServices",
                    "virtualNetworkRules": [],
                    "ipRules": [],
                    "defaultAction": "Allow"
                },
                "supportsHttpsTrafficOnly": false,
                "encryption": {
                    "services": {
                        "file": {
                            "enabled": true
                        },
                        "blob": {
                            "enabled": true
                        }
                    },
                    "keySource": "Microsoft.Storage"
                }
            },
            "dependsOn": []
        },
        {
            "comments": "Generalisiert aus Ressource \"/subscriptions/96e52b0c-a9e4-4874-9d75-6f123079cdba/resourceGroups/WiredBrainCoffee/providers/Microsoft.Web/connections/dropbox\".",
            "type": "Microsoft.Web/connections",
            "name": "[parameters('connections_dropbox_name')]",
            "apiVersion": "2016-06-01",
            "location": "westeurope",
            "scale": null,
            "properties": {
                "displayName": "simon.bauer@bluewin.ch",
                "customParameterValues": {},
                "api": {
                    "id": "[concat('/subscriptions/96e52b0c-a9e4-4874-9d75-6f123079cdba/providers/Microsoft.Web/locations/westeurope/managedApis/', parameters('connections_dropbox_name'))]"
                }
            },
            "dependsOn": []
        },
        {
            "comments": "Generalisiert aus Ressource \"/subscriptions/96e52b0c-a9e4-4874-9d75-6f123079cdba/resourceGroups/WiredBrainCoffee/providers/Microsoft.Web/connections/eventhubs-1\".",
            "type": "Microsoft.Web/connections",
            "name": "[parameters('connections_eventhubs_1_name')]",
            "apiVersion": "2016-06-01",
            "location": "westeurope",
            "scale": null,
            "properties": {
                "displayName": "WiredBrainEventHubConnection",
                "customParameterValues": {},
                "api": {
                    "id": "/subscriptions/96e52b0c-a9e4-4874-9d75-6f123079cdba/providers/Microsoft.Web/locations/westeurope/managedApis/eventhubs"
                }
            },
            "dependsOn": []
        },
        {
            "comments": "Generalisiert aus Ressource \"/subscriptions/96e52b0c-a9e4-4874-9d75-6f123079cdba/resourceGroups/WiredBrainCoffee/providers/Microsoft.Web/connections/eventhubs\".",
            "type": "Microsoft.Web/connections",
            "name": "[parameters('connections_eventhubs_name')]",
            "apiVersion": "2016-06-01",
            "location": "westeurope",
            "scale": null,
            "properties": {
                "displayName": "WiredBrainCoffeeEhNsConnection",
                "customParameterValues": {},
                "api": {
                    "id": "[concat('/subscriptions/96e52b0c-a9e4-4874-9d75-6f123079cdba/providers/Microsoft.Web/locations/westeurope/managedApis/', parameters('connections_eventhubs_name'))]"
                }
            },
            "dependsOn": []
        },
        {
            "comments": "Generalisiert aus Ressource \"/subscriptions/96e52b0c-a9e4-4874-9d75-6f123079cdba/resourceGroups/WiredBrainCoffee/providers/Microsoft.Web/serverfarms/WiredBrainCoffeeFunctionApp\".",
            "type": "Microsoft.Web/serverfarms",
            "sku": {
                "name": "Y1",
                "tier": "Dynamic",
                "size": "Y1",
                "family": "Y",
                "capacity": 0
            },
            "kind": "functionapp",
            "name": "[parameters('serverfarms_WiredBrainCoffeeFunctionApp_name')]",
            "apiVersion": "2016-09-01",
            "location": "West Europe",
            "scale": null,
            "properties": {
                "name": "[parameters('serverfarms_WiredBrainCoffeeFunctionApp_name')]",
                "workerTierName": null,
                "adminSiteName": null,
                "hostingEnvironmentProfile": null,
                "perSiteScaling": false,
                "reserved": false,
                "targetWorkerCount": 0,
                "targetWorkerSizeId": 0
            },
            "dependsOn": []
        },
        {
            "comments": "Generalisiert aus Ressource \"/subscriptions/96e52b0c-a9e4-4874-9d75-6f123079cdba/resourceGroups/WiredBrainCoffee/providers/Microsoft.Web/sites/WiredBrainCoffeeFunctionApp1\".",
            "type": "Microsoft.Web/sites",
            "kind": "functionapp",
            "name": "[parameters('sites_WiredBrainCoffeeFunctionApp1_name')]",
            "apiVersion": "2016-08-01",
            "location": "West Europe",
            "tags": {
                "hidden-related:/subscriptions/96e52b0c-a9e4-4874-9d75-6f123079cdba/resourceGroups/WiredBrainCoffee/providers/Microsoft.Web/serverfarms/WiredBrainCoffeeFunctionApp": "empty"
            },
            "scale": null,
            "properties": {
                "enabled": true,
                "hostNameSslStates": [
                    {
                        "name": "[concat(parameters('sites_WiredBrainCoffeeFunctionApp1_name'),'wiredbraincoffeefunctionapp1.azurewebsites.net')]",
                        "sslState": "Disabled",
                        "virtualIP": null,
                        "thumbprint": null,
                        "toUpdate": null,
                        "hostType": "Standard"
                    },
                    {
                        "name": "[concat(parameters('sites_WiredBrainCoffeeFunctionApp1_name'),'wiredbraincoffeefunctionapp1.scm.azurewebsites.net')]",
                        "sslState": "Disabled",
                        "virtualIP": null,
                        "thumbprint": null,
                        "toUpdate": null,
                        "hostType": "Repository"
                    }
                ],
                "serverFarmId": "[resourceId('Microsoft.Web/serverfarms', parameters('serverfarms_WiredBrainCoffeeFunctionApp_name'))]",
                "reserved": false,
                "siteConfig": null,
                "scmSiteAlsoStopped": false,
                "hostingEnvironmentProfile": null,
                "clientAffinityEnabled": true,
                "clientCertEnabled": false,
                "hostNamesDisabled": false,
                "containerSize": 1536,
                "dailyMemoryTimeQuota": 0,
                "cloningInfo": null
            },
            "dependsOn": [
                "[resourceId('Microsoft.Web/serverfarms', parameters('serverfarms_WiredBrainCoffeeFunctionApp_name'))]"
            ]
        },
        {
            "comments": "Generalisiert aus Ressource \"/subscriptions/96e52b0c-a9e4-4874-9d75-6f123079cdba/resourcegroups/WiredBrainCoffee/providers/Microsoft.EventHub/namespaces/WiredBrainCoffeeEh-Nspace/AuthorizationRules/RootManageSharedAccessKey\".",
            "type": "Microsoft.EventHub/namespaces/AuthorizationRules",
            "name": "[concat(parameters('namespaces_WiredBrainCoffeeEh_Nspace_name'), '/', parameters('AuthorizationRules_RootManageSharedAccessKey_name'))]",
            "apiVersion": "2017-04-01",
            "location": "West Europe",
            "scale": null,
            "properties": {
                "rights": [
                    "Listen",
                    "Manage",
                    "Send"
                ]
            },
            "dependsOn": [
                "[resourceId('Microsoft.EventHub/namespaces', parameters('namespaces_WiredBrainCoffeeEh_Nspace_name'))]"
            ]
        },
        {
            "comments": "Generalisiert aus Ressource \"/subscriptions/96e52b0c-a9e4-4874-9d75-6f123079cdba/resourcegroups/WiredBrainCoffee/providers/Microsoft.EventHub/namespaces/WiredBrainCoffeeEh-Nspace/AuthorizationRules/SendAndListenPolicy\".",
            "type": "Microsoft.EventHub/namespaces/AuthorizationRules",
            "name": "[concat(parameters('namespaces_WiredBrainCoffeeEh_Nspace_name'), '/', parameters('AuthorizationRules_SendAndListenPolicy_name'))]",
            "apiVersion": "2017-04-01",
            "location": "West Europe",
            "scale": null,
            "properties": {
                "rights": [
                    "Listen",
                    "Send"
                ]
            },
            "dependsOn": [
                "[resourceId('Microsoft.EventHub/namespaces', parameters('namespaces_WiredBrainCoffeeEh_Nspace_name'))]"
            ]
        },
        {
            "comments": "Generalisiert aus Ressource \"/subscriptions/96e52b0c-a9e4-4874-9d75-6f123079cdba/resourcegroups/WiredBrainCoffee/providers/Microsoft.EventHub/namespaces/WiredBrainCoffeeEh-Nspace/eventhubs/wiredbraincoffeealerteh\".",
            "type": "Microsoft.EventHub/namespaces/eventhubs",
            "name": "[concat(parameters('namespaces_WiredBrainCoffeeEh_Nspace_name'), '/', parameters('eventhubs_wiredbraincoffeealerteh_name'))]",
            "apiVersion": "2017-04-01",
            "location": "West Europe",
            "scale": null,
            "properties": {
                "messageRetentionInDays": 1,
                "partitionCount": 2,
                "status": "Active"
            },
            "dependsOn": [
                "[resourceId('Microsoft.EventHub/namespaces', parameters('namespaces_WiredBrainCoffeeEh_Nspace_name'))]"
            ]
        },
        {
            "comments": "Generalisiert aus Ressource \"/subscriptions/96e52b0c-a9e4-4874-9d75-6f123079cdba/resourcegroups/WiredBrainCoffee/providers/Microsoft.EventHub/namespaces/WiredBrainCoffeeEh-Nspace/eventhubs/wiredbraincoffeeeh\".",
            "type": "Microsoft.EventHub/namespaces/eventhubs",
            "name": "[concat(parameters('namespaces_WiredBrainCoffeeEh_Nspace_name'), '/', parameters('eventhubs_wiredbraincoffeeeh_name'))]",
            "apiVersion": "2017-04-01",
            "location": "West Europe",
            "scale": null,
            "properties": {
                "messageRetentionInDays": 1,
                "partitionCount": 2,
                "status": "Active",
                "captureDescription": {
                    "enabled": true,
                    "encoding": "Avro",
                    "destination": {
                        "name": "EventHubArchive.AzureBlockBlob",
                        "properties": {
                            "storageAccountResourceId": "[resourceId('Microsoft.Storage/storageAccounts', parameters('storageAccounts_wiredbraincoffeecapture1_name'))]",
                            "blobContainer": "eventhubcapture",
                            "archiveNameFormat": "{Namespace}/{EventHub}/{PartitionId}/{Year}/{Month}/{Day}/{Hour}/{Minute}/{Second}"
                        }
                    },
                    "intervalInSeconds": 300,
                    "sizeLimitInBytes": 314572800
                }
            },
            "dependsOn": [
                "[resourceId('Microsoft.EventHub/namespaces', parameters('namespaces_WiredBrainCoffeeEh_Nspace_name'))]",
                "[resourceId('Microsoft.Storage/storageAccounts', parameters('storageAccounts_wiredbraincoffeecapture1_name'))]"
            ]
        },
        {
            "comments": "Generalisiert aus Ressource \"/subscriptions/96e52b0c-a9e4-4874-9d75-6f123079cdba/resourcegroups/WiredBrainCoffee/providers/Microsoft.EventHub/namespaces/WiredBrainCoffeeEh-Nspace/eventhubs/wiredbraincoffeealerteh/authorizationRules/SendAndListenPolicy\".",
            "type": "Microsoft.EventHub/namespaces/eventhubs/authorizationRules",
            "name": "[concat(parameters('namespaces_WiredBrainCoffeeEh_Nspace_name'), '/', parameters('eventhubs_wiredbraincoffeealerteh_name'), '/', parameters('authorizationRules_SendAndListenPolicy_name_2'))]",
            "apiVersion": "2017-04-01",
            "location": "West Europe",
            "scale": null,
            "properties": {
                "rights": [
                    "Listen",
                    "Send"
                ]
            },
            "dependsOn": [
                "[resourceId('Microsoft.EventHub/namespaces', parameters('namespaces_WiredBrainCoffeeEh_Nspace_name'))]",
                "[resourceId('Microsoft.EventHub/namespaces/eventhubs', parameters('namespaces_WiredBrainCoffeeEh_Nspace_name'), parameters('eventhubs_wiredbraincoffeealerteh_name'))]"
            ]
        },
        {
            "comments": "Generalisiert aus Ressource \"/subscriptions/96e52b0c-a9e4-4874-9d75-6f123079cdba/resourcegroups/WiredBrainCoffee/providers/Microsoft.EventHub/namespaces/WiredBrainCoffeeEh-Nspace/eventhubs/wiredbraincoffeealerteh/consumergroups/$Default\".",
            "type": "Microsoft.EventHub/namespaces/eventhubs/consumergroups",
            "name": "[concat(parameters('namespaces_WiredBrainCoffeeEh_Nspace_name'), '/', parameters('eventhubs_wiredbraincoffeealerteh_name'), '/', parameters('consumergroups_$Default_name_1'))]",
            "apiVersion": "2017-04-01",
            "location": "West Europe",
            "scale": null,
            "properties": {},
            "dependsOn": [
                "[resourceId('Microsoft.EventHub/namespaces', parameters('namespaces_WiredBrainCoffeeEh_Nspace_name'))]",
                "[resourceId('Microsoft.EventHub/namespaces/eventhubs', parameters('namespaces_WiredBrainCoffeeEh_Nspace_name'), parameters('eventhubs_wiredbraincoffeealerteh_name'))]"
            ]
        },
        {
            "comments": "Generalisiert aus Ressource \"/subscriptions/96e52b0c-a9e4-4874-9d75-6f123079cdba/resourcegroups/WiredBrainCoffee/providers/Microsoft.EventHub/namespaces/WiredBrainCoffeeEh-Nspace/eventhubs/wiredbraincoffeealerteh/consumergroups/wired_brain_coffee_alert_logicapp\".",
            "type": "Microsoft.EventHub/namespaces/eventhubs/consumergroups",
            "name": "[concat(parameters('namespaces_WiredBrainCoffeeEh_Nspace_name'), '/', parameters('eventhubs_wiredbraincoffeealerteh_name'), '/', parameters('consumergroups_wired_brain_coffee_alert_logicapp_name'))]",
            "apiVersion": "2017-04-01",
            "location": "West Europe",
            "scale": null,
            "properties": {},
            "dependsOn": [
                "[resourceId('Microsoft.EventHub/namespaces', parameters('namespaces_WiredBrainCoffeeEh_Nspace_name'))]",
                "[resourceId('Microsoft.EventHub/namespaces/eventhubs', parameters('namespaces_WiredBrainCoffeeEh_Nspace_name'), parameters('eventhubs_wiredbraincoffeealerteh_name'))]"
            ]
        },
        {
            "comments": "Generalisiert aus Ressource \"/subscriptions/96e52b0c-a9e4-4874-9d75-6f123079cdba/resourcegroups/WiredBrainCoffee/providers/Microsoft.EventHub/namespaces/WiredBrainCoffeeEh-Nspace/eventhubs/wiredbraincoffeeeh/authorizationRules/SendAndListenPolicy\".",
            "type": "Microsoft.EventHub/namespaces/eventhubs/authorizationRules",
            "name": "[concat(parameters('namespaces_WiredBrainCoffeeEh_Nspace_name'), '/', parameters('eventhubs_wiredbraincoffeeeh_name'), '/', parameters('authorizationRules_SendAndListenPolicy_name_1'))]",
            "apiVersion": "2017-04-01",
            "location": "West Europe",
            "scale": null,
            "properties": {
                "rights": [
                    "Listen",
                    "Send"
                ]
            },
            "dependsOn": [
                "[resourceId('Microsoft.EventHub/namespaces', parameters('namespaces_WiredBrainCoffeeEh_Nspace_name'))]",
                "[resourceId('Microsoft.EventHub/namespaces/eventhubs', parameters('namespaces_WiredBrainCoffeeEh_Nspace_name'), parameters('eventhubs_wiredbraincoffeeeh_name'))]"
            ]
        },
        {
            "comments": "Generalisiert aus Ressource \"/subscriptions/96e52b0c-a9e4-4874-9d75-6f123079cdba/resourcegroups/WiredBrainCoffee/providers/Microsoft.EventHub/namespaces/WiredBrainCoffeeEh-Nspace/eventhubs/wiredbraincoffeeeh/consumergroups/$Default\".",
            "type": "Microsoft.EventHub/namespaces/eventhubs/consumergroups",
            "name": "[concat(parameters('namespaces_WiredBrainCoffeeEh_Nspace_name'), '/', parameters('eventhubs_wiredbraincoffeeeh_name'), '/', parameters('consumergroups_$Default_name'))]",
            "apiVersion": "2017-04-01",
            "location": "West Europe",
            "scale": null,
            "properties": {},
            "dependsOn": [
                "[resourceId('Microsoft.EventHub/namespaces', parameters('namespaces_WiredBrainCoffeeEh_Nspace_name'))]",
                "[resourceId('Microsoft.EventHub/namespaces/eventhubs', parameters('namespaces_WiredBrainCoffeeEh_Nspace_name'), parameters('eventhubs_wiredbraincoffeeeh_name'))]"
            ]
        },
        {
            "comments": "Generalisiert aus Ressource \"/subscriptions/96e52b0c-a9e4-4874-9d75-6f123079cdba/resourcegroups/WiredBrainCoffee/providers/Microsoft.EventHub/namespaces/WiredBrainCoffeeEh-Nspace/eventhubs/wiredbraincoffeeeh/consumergroups/stream_analytics_job\".",
            "type": "Microsoft.EventHub/namespaces/eventhubs/consumergroups",
            "name": "[concat(parameters('namespaces_WiredBrainCoffeeEh_Nspace_name'), '/', parameters('eventhubs_wiredbraincoffeeeh_name'), '/', parameters('consumergroups_stream_analytics_job_name'))]",
            "apiVersion": "2017-04-01",
            "location": "West Europe",
            "scale": null,
            "properties": {},
            "dependsOn": [
                "[resourceId('Microsoft.EventHub/namespaces', parameters('namespaces_WiredBrainCoffeeEh_Nspace_name'))]",
                "[resourceId('Microsoft.EventHub/namespaces/eventhubs', parameters('namespaces_WiredBrainCoffeeEh_Nspace_name'), parameters('eventhubs_wiredbraincoffeeeh_name'))]"
            ]
        },
        {
            "comments": "Generalisiert aus Ressource \"/subscriptions/96e52b0c-a9e4-4874-9d75-6f123079cdba/resourcegroups/WiredBrainCoffee/providers/Microsoft.EventHub/namespaces/WiredBrainCoffeeEh-Nspace/eventhubs/wiredbraincoffeeeh/consumergroups/wired_brain_coffee_alert_function\".",
            "type": "Microsoft.EventHub/namespaces/eventhubs/consumergroups",
            "name": "[concat(parameters('namespaces_WiredBrainCoffeeEh_Nspace_name'), '/', parameters('eventhubs_wiredbraincoffeeeh_name'), '/', parameters('consumergroups_wired_brain_coffee_alert_function_name'))]",
            "apiVersion": "2017-04-01",
            "location": "West Europe",
            "scale": null,
            "properties": {},
            "dependsOn": [
                "[resourceId('Microsoft.EventHub/namespaces', parameters('namespaces_WiredBrainCoffeeEh_Nspace_name'))]",
                "[resourceId('Microsoft.EventHub/namespaces/eventhubs', parameters('namespaces_WiredBrainCoffeeEh_Nspace_name'), parameters('eventhubs_wiredbraincoffeeeh_name'))]"
            ]
        },
        {
            "comments": "Generalisiert aus Ressource \"/subscriptions/96e52b0c-a9e4-4874-9d75-6f123079cdba/resourcegroups/WiredBrainCoffee/providers/Microsoft.EventHub/namespaces/WiredBrainCoffeeEh-Nspace/eventhubs/wiredbraincoffeeeh/consumergroups/wired_brain_coffee_console_direct\".",
            "type": "Microsoft.EventHub/namespaces/eventhubs/consumergroups",
            "name": "[concat(parameters('namespaces_WiredBrainCoffeeEh_Nspace_name'), '/', parameters('eventhubs_wiredbraincoffeeeh_name'), '/', parameters('consumergroups_wired_brain_coffee_console_direct_name'))]",
            "apiVersion": "2017-04-01",
            "location": "West Europe",
            "scale": null,
            "properties": {},
            "dependsOn": [
                "[resourceId('Microsoft.EventHub/namespaces', parameters('namespaces_WiredBrainCoffeeEh_Nspace_name'))]",
                "[resourceId('Microsoft.EventHub/namespaces/eventhubs', parameters('namespaces_WiredBrainCoffeeEh_Nspace_name'), parameters('eventhubs_wiredbraincoffeeeh_name'))]"
            ]
        },
        {
            "comments": "Generalisiert aus Ressource \"/subscriptions/96e52b0c-a9e4-4874-9d75-6f123079cdba/resourcegroups/WiredBrainCoffee/providers/Microsoft.EventHub/namespaces/WiredBrainCoffeeEh-Nspace/eventhubs/wiredbraincoffeeeh/consumergroups/wired_brain_coffee_console_processor\".",
            "type": "Microsoft.EventHub/namespaces/eventhubs/consumergroups",
            "name": "[concat(parameters('namespaces_WiredBrainCoffeeEh_Nspace_name'), '/', parameters('eventhubs_wiredbraincoffeeeh_name'), '/', parameters('consumergroups_wired_brain_coffee_console_processor_name'))]",
            "apiVersion": "2017-04-01",
            "location": "West Europe",
            "scale": null,
            "properties": {},
            "dependsOn": [
                "[resourceId('Microsoft.EventHub/namespaces', parameters('namespaces_WiredBrainCoffeeEh_Nspace_name'))]",
                "[resourceId('Microsoft.EventHub/namespaces/eventhubs', parameters('namespaces_WiredBrainCoffeeEh_Nspace_name'), parameters('eventhubs_wiredbraincoffeeeh_name'))]"
            ]
        },
        {
            "comments": "Generalisiert aus Ressource \"/subscriptions/96e52b0c-a9e4-4874-9d75-6f123079cdba/resourceGroups/WiredBrainCoffee/providers/Microsoft.Web/sites/WiredBrainCoffeeFunctionApp1/config/web\".",
            "type": "Microsoft.Web/sites/config",
            "name": "[concat(parameters('sites_WiredBrainCoffeeFunctionApp1_name'), '/', parameters('config_web_name'))]",
            "apiVersion": "2016-08-01",
            "location": "West Europe",
            "tags": {
                "hidden-related:/subscriptions/96e52b0c-a9e4-4874-9d75-6f123079cdba/resourceGroups/WiredBrainCoffee/providers/Microsoft.Web/serverfarms/WiredBrainCoffeeFunctionApp": "empty"
            },
            "scale": null,
            "properties": {
                "numberOfWorkers": 1,
                "defaultDocuments": [
                    "Default.htm",
                    "Default.html",
                    "Default.asp",
                    "index.htm",
                    "index.html",
                    "iisstart.htm",
                    "default.aspx",
                    "index.php"
                ],
                "netFrameworkVersion": "v4.0",
                "phpVersion": "5.6",
                "pythonVersion": "",
                "nodeVersion": "",
                "linuxFxVersion": "",
                "requestTracingEnabled": false,
                "remoteDebuggingEnabled": false,
                "remoteDebuggingVersion": null,
                "httpLoggingEnabled": false,
                "logsDirectorySizeLimit": 35,
                "detailedErrorLoggingEnabled": false,
                "publishingUsername": "$WiredBrainCoffeeFunctionApp1",
                "publishingPassword": null,
                "appSettings": null,
                "metadata": null,
                "connectionStrings": null,
                "machineKey": null,
                "handlerMappings": null,
                "documentRoot": null,
                "scmType": "None",
                "use32BitWorkerProcess": true,
                "webSocketsEnabled": false,
                "alwaysOn": false,
                "javaVersion": null,
                "javaContainer": null,
                "javaContainerVersion": null,
                "appCommandLine": "",
                "managedPipelineMode": "Integrated",
                "virtualApplications": [
                    {
                        "virtualPath": "/",
                        "physicalPath": "site\\wwwroot",
                        "preloadEnabled": false,
                        "virtualDirectories": null
                    }
                ],
                "winAuthAdminState": 0,
                "winAuthTenantState": 0,
                "customAppPoolIdentityAdminState": false,
                "customAppPoolIdentityTenantState": false,
                "runtimeADUser": null,
                "runtimeADUserPassword": null,
                "loadBalancing": "LeastRequests",
                "routingRules": [],
                "experiments": {
                    "rampUpRules": []
                },
                "limits": null,
                "autoHealEnabled": false,
                "autoHealRules": null,
                "tracingOptions": null,
                "vnetName": "",
                "siteAuthEnabled": false,
                "siteAuthSettings": {
                    "enabled": null,
                    "unauthenticatedClientAction": null,
                    "tokenStoreEnabled": null,
                    "allowedExternalRedirectUrls": null,
                    "defaultProvider": null,
                    "clientId": null,
                    "clientSecret": null,
                    "issuer": null,
                    "allowedAudiences": null,
                    "additionalLoginParams": null,
                    "isAadAutoProvisioned": false,
                    "googleClientId": null,
                    "googleClientSecret": null,
                    "googleOAuthScopes": null,
                    "facebookAppId": null,
                    "facebookAppSecret": null,
                    "facebookOAuthScopes": null,
                    "twitterConsumerKey": null,
                    "twitterConsumerSecret": null,
                    "microsoftAccountClientId": null,
                    "microsoftAccountClientSecret": null,
                    "microsoftAccountOAuthScopes": null
                },
                "cors": {
                    "allowedOrigins": [
                        "https://functions.azure.com",
                        "https://functions-staging.azure.com",
                        "https://functions-next.azure.com"
                    ]
                },
                "push": null,
                "apiDefinition": null,
                "autoSwapSlotName": null,
                "localMySqlEnabled": false,
                "managedServiceIdentityId": null,
                "ipSecurityRestrictions": null
            },
            "dependsOn": [
                "[resourceId('Microsoft.Web/sites', parameters('sites_WiredBrainCoffeeFunctionApp1_name'))]"
            ]
        },
        {
            "comments": "Generalisiert aus Ressource \"/subscriptions/96e52b0c-a9e4-4874-9d75-6f123079cdba/resourceGroups/WiredBrainCoffee/providers/Microsoft.Web/sites/WiredBrainCoffeeFunctionApp1/hostNameBindings/wiredbraincoffeefunctionapp1.azurewebsites.net\".",
            "type": "Microsoft.Web/sites/hostNameBindings",
            "name": "[concat(parameters('sites_WiredBrainCoffeeFunctionApp1_name'), '/', parameters('hostNameBindings_wiredbraincoffeefunctionapp1.azurewebsites.net_name'))]",
            "apiVersion": "2016-08-01",
            "location": "West Europe",
            "scale": null,
            "properties": {
                "siteName": "WiredBrainCoffeeFunctionApp1",
                "domainId": null,
                "hostNameType": "Verified"
            },
            "dependsOn": [
                "[resourceId('Microsoft.Web/sites', parameters('sites_WiredBrainCoffeeFunctionApp1_name'))]"
            ]
        }
    ]
}